year,airline_name,iata_code,country_iso3,region,business_model,revenue_usd_bn,operating_margin_pct,operating_income_usd_bn,passengers_carried_m,load_factor_pct,fleet_size_est
2010,Delta Air Lines,DAL,USA,North America,legacy,32.09,3.4,1.09,48.1,84.5,160
2011,Delta Air Lines,DAL,USA,North America,legacy,34.54,1.1,0.39,51.8,80.4,172
2012,Delta Air Lines,DAL,USA,North America,legacy,35.5,5.2,1.85,53.2,83.0,177
2013,Delta Air Lines,DAL,USA,North America,legacy,36.2,8.2,2.97,54.3,84.6,181
2014,Delta Air Lines,DAL,USA,North America,legacy,39.0,8.8,3.44,58.5,83.9,194
2015,Delta Air Lines,DAL,USA,North America,legacy,39.66,6.9,2.75,59.5,81.1,198
2016,Delta Air Lines,DAL,USA,North America,legacy,43.05,5.9,2.53,64.6,82.6,215
2017,Delta Air Lines,DAL,USA,North America,legacy,42.29,9.1,3.83,63.4,82.7,211
2018,Delta Air Lines,DAL,USA,North America,legacy,43.83,5.1,2.24,65.7,84.1,219
2019,Delta Air Lines,DAL,USA,North America,legacy,47.52,7.0,3.34,71.3,83.9,237
2020,Delta Air Lines,DAL,USA,North America,legacy,18.23,-36.0,-6.57,27.4,54.0,91
2021,Delta Air Lines,DAL,USA,North America,legacy,29.18,-16.5,-4.8,43.8,72.3,145
2022,Delta Air Lines,DAL,USA,North America,legacy,50.43,-0.1,-0.05,75.6,81.4,252
2023,Delta Air Lines,DAL,USA,North America,legacy,59.14,9.9,5.83,88.7,84.1,295
2024,Delta Air Lines,DAL,USA,North America,legacy,60.38,8.6,5.18,90.6,83.2,301
2025,Delta Air Lines,DAL,USA,North America,legacy,64.72,10.2,6.59,97.1,83.4,323
2026,Delta Air Lines,DAL,USA,North America,legacy,68.38,6.2,4.22,102.6,83.6,341
2010,United Airlines,UAL,USA,North America,legacy,23.64,2.4,0.56,35.5,82.4,118
2011,United Airlines,UAL,USA,North America,legacy,25.77,4.4,1.13,38.7,82.4,128
2012,United Airlines,UAL,USA,North America,legacy,30.41,3.8,1.17,45.6,84.9,152
2013,United Airlines,UAL,USA,North America,legacy,30.44,5.2,1.57,45.7,83.3,152
2014,United Airlines,UAL,USA,North America,legacy,35.58,7.8,2.77,53.4,84.6,177
2015,United Airlines,UAL,USA,North America,legacy,37.51,4.8,1.82,56.3,84.7,187
2016,United Airlines,UAL,USA,North America,legacy,38.81,2.8,1.09,58.2,80.7,194
2017,United Airlines,UAL,USA,North America,legacy,39.07,7.2,2.83,58.6,83.3,195
2018,United Airlines,UAL,USA,North America,legacy,42.16,4.9,2.08,63.2,83.3,210
2019,United Airlines,UAL,USA,North America,legacy,44.12,5.2,2.31,66.2,83.9,220
2020,United Airlines,UAL,USA,North America,legacy,15.1,-35.9,-5.42,22.6,54.2,75
2021,United Airlines,UAL,USA,North America,legacy,23.73,-16.8,-3.98,35.6,69.1,118
2022,United Airlines,UAL,USA,North America,legacy,45.02,3.2,1.44,67.5,83.9,225
2023,United Airlines,UAL,USA,North America,legacy,54.78,7.8,4.25,82.2,82.2,273
2024,United Airlines,UAL,USA,North America,legacy,56.96,3.8,2.15,85.4,80.1,284
2025,United Airlines,UAL,USA,North America,legacy,58.19,5.5,3.2,87.3,83.8,290
2026,United Airlines,UAL,USA,North America,legacy,62.28,5.1,3.15,93.4,85.6,311
2010,American Airlines,AAL,USA,North America,legacy,21.96,7.8,1.72,32.9,81.1,109
2011,American Airlines,AAL,USA,North America,legacy,25.78,3.6,0.93,38.7,82.3,128
2012,American Airlines,AAL,USA,North America,legacy,30.44,1.7,0.51,45.7,83.9,152
2013,American Airlines,AAL,USA,North America,legacy,33.66,4.5,1.52,50.5,80.1,168
2014,American Airlines,AAL,USA,North America,legacy,37.24,4.7,1.74,55.9,83.5,186
2015,American Airlines,AAL,USA,North America,legacy,40.93,10.0,4.09,61.4,82.5,204
2016,American Airlines,AAL,USA,North America,legacy,40.83,6.4,2.63,61.2,83.4,204
2017,American Airlines,AAL,USA,North America,legacy,45.1,8.1,3.65,67.7,83.7,225
2018,American Airlines,AAL,USA,North America,legacy,46.5,3.0,1.41,69.7,81.7,232
2019,American Airlines,AAL,USA,North America,legacy,44.54,2.0,0.9,66.8,80.2,222
2020,American Airlines,AAL,USA,North America,legacy,17.63,-35.6,-6.27,26.4,52.1,88
2021,American Airlines,AAL,USA,North America,legacy,29.0,-17.2,-4.99,43.5,71.7,145
2022,American Airlines,AAL,USA,North America,legacy,51.92,9.3,4.82,77.9,83.8,259
2023,American Airlines,AAL,USA,North America,legacy,51.26,2.7,1.37,76.9,83.5,256
2024,American Airlines,AAL,USA,North America,legacy,52.89,7.0,3.68,79.3,81.8,264
2025,American Airlines,AAL,USA,North America,legacy,55.86,10.7,5.96,83.8,83.3,279
2026,American Airlines,AAL,USA,North America,legacy,57.72,3.4,1.97,86.6,79.7,288
2010,Southwest Airlines,LUV,USA,North America,low_cost,11.92,11.9,1.41,47.7,90.5,59
2011,Southwest Airlines,LUV,USA,North America,low_cost,13.69,14.5,1.98,54.8,86.0,68
2012,Southwest Airlines,LUV,USA,North America,low_cost,14.65,9.6,1.4,58.6,85.5,73
2013,Southwest Airlines,LUV,USA,North America,low_cost,17.82,9.9,1.77,71.3,88.7,89
2014,Southwest Airlines,LUV,USA,North America,low_cost,17.77,14.3,2.55,71.1,87.8,88
2015,Southwest Airlines,LUV,USA,North America,low_cost,19.71,11.9,2.34,78.8,85.7,98
2016,Southwest Airlines,LUV,USA,North America,low_cost,20.78,10.9,2.26,83.1,84.5,103
2017,Southwest Airlines,LUV,USA,North America,low_cost,20.4,12.4,2.54,81.6,90.2,102
2018,Southwest Airlines,LUV,USA,North America,low_cost,22.01,11.7,2.58,88.0,87.6,110
2019,Southwest Airlines,LUV,USA,North America,low_cost,23.3,9.5,2.22,93.2,86.2,116
2020,Southwest Airlines,LUV,USA,North America,low_cost,9.3,-33.9,-3.16,37.2,58.1,46
2021,Southwest Airlines,LUV,USA,North America,low_cost,15.89,-21.1,-3.35,63.5,67.3,79
2022,Southwest Airlines,LUV,USA,North America,low_cost,25.01,6.3,1.58,100.0,86.6,125
2023,Southwest Airlines,LUV,USA,North America,low_cost,25.8,15.7,4.04,103.2,84.8,129
2024,Southwest Airlines,LUV,USA,North America,low_cost,26.77,13.6,3.64,107.1,86.2,133
2025,Southwest Airlines,LUV,USA,North America,low_cost,29.25,11.6,3.39,117.0,87.7,146
2026,Southwest Airlines,LUV,USA,North America,low_cost,32.34,12.2,3.95,129.3,88.3,161
2010,Alaska Airlines,ALK,USA,North America,regional,3.57,7.9,0.28,10.7,85.3,17
2011,Alaska Airlines,ALK,USA,North America,regional,4.01,5.8,0.23,12.0,86.3,20
2012,Alaska Airlines,ALK,USA,North America,regional,4.65,4.7,0.22,13.9,87.1,23
2013,Alaska Airlines,ALK,USA,North America,regional,4.81,7.2,0.35,14.4,89.0,24
2014,Alaska Airlines,ALK,USA,North America,regional,5.33,11.3,0.6,16.0,86.7,26
2015,Alaska Airlines,ALK,USA,North America,regional,5.48,7.4,0.41,16.5,87.5,27
2016,Alaska Airlines,ALK,USA,North America,regional,6.53,5.3,0.35,19.6,87.2,32
2017,Alaska Airlines,ALK,USA,North America,regional,7.45,14.3,1.06,22.4,90.8,37
2018,Alaska Airlines,ALK,USA,North America,regional,8.09,7.3,0.59,24.3,84.1,40
2019,Alaska Airlines,ALK,USA,North America,regional,8.65,8.8,0.76,25.9,89.4,43
2020,Alaska Airlines,ALK,USA,North America,regional,3.52,-36.6,-1.29,10.6,50.7,17
2021,Alaska Airlines,ALK,USA,North America,regional,6.17,-20.7,-1.27,18.5,68.9,30
2022,Alaska Airlines,ALK,USA,North America,regional,9.35,1.8,0.16,28.1,83.5,46
2023,Alaska Airlines,ALK,USA,North America,regional,9.95,13.3,1.33,29.9,84.4,49
2024,Alaska Airlines,ALK,USA,North America,regional,10.84,12.6,1.36,32.5,92.8,54
2025,Alaska Airlines,ALK,USA,North America,regional,11.44,7.1,0.81,34.3,87.7,57
2026,Alaska Airlines,ALK,USA,North America,regional,13.17,5.5,0.73,39.5,86.5,65
2010,JetBlue,JBLU,USA,North America,low_cost,3.89,13.1,0.51,15.6,86.2,19
2011,JetBlue,JBLU,USA,North America,low_cost,4.3,8.6,0.37,17.2,86.5,21
2012,JetBlue,JBLU,USA,North America,low_cost,4.8,12.6,0.6,19.2,85.9,24
2013,JetBlue,JBLU,USA,North America,low_cost,5.44,14.5,0.79,21.7,87.3,27
2014,JetBlue,JBLU,USA,North America,low_cost,5.94,12.1,0.72,23.8,87.0,29
2015,JetBlue,JBLU,USA,North America,low_cost,6.26,12.8,0.8,25.1,86.8,31
2016,JetBlue,JBLU,USA,North America,low_cost,7.28,15.9,1.16,29.1,87.8,36
2017,JetBlue,JBLU,USA,North America,low_cost,7.1,9.2,0.65,28.4,89.4,35
2018,JetBlue,JBLU,USA,North America,low_cost,7.76,13.2,1.02,31.0,83.5,38
2019,JetBlue,JBLU,USA,North America,low_cost,8.33,13.1,1.09,33.3,84.8,41
2020,JetBlue,JBLU,USA,North America,low_cost,2.86,-34.3,-0.98,11.4,55.1,14
2021,JetBlue,JBLU,USA,North America,low_cost,5.95,-18.3,-1.09,23.8,69.5,29
2022,JetBlue,JBLU,USA,North America,low_cost,9.24,5.7,0.52,37.0,81.9,46
2023,JetBlue,JBLU,USA,North America,low_cost,9.53,12.4,1.19,38.1,87.6,47
2024,JetBlue,JBLU,USA,North America,low_cost,9.2,7.6,0.7,36.8,87.7,45
2025,JetBlue,JBLU,USA,North America,low_cost,10.16,8.2,0.83,40.7,88.7,50
2026,JetBlue,JBLU,USA,North America,low_cost,9.9,11.8,1.17,39.6,84.9,49
2010,Lufthansa Group,LHA,DEU,Europe,legacy,34.65,9.3,3.21,52.0,84.2,173
2011,Lufthansa Group,LHA,DEU,Europe,legacy,36.95,8.9,3.3,55.4,83.9,184
2012,Lufthansa Group,LHA,DEU,Europe,legacy,37.05,7.1,2.63,55.6,84.7,185
2013,Lufthansa Group,LHA,DEU,Europe,legacy,34.93,6.2,2.15,52.4,81.6,174
2014,Lufthansa Group,LHA,DEU,Europe,legacy,36.38,3.1,1.11,54.6,84.6,181
2015,Lufthansa Group,LHA,DEU,Europe,legacy,35.2,8.9,3.14,52.8,84.5,175
2016,Lufthansa Group,LHA,DEU,Europe,legacy,39.61,7.8,3.1,59.4,79.9,198
2017,Lufthansa Group,LHA,DEU,Europe,legacy,39.52,3.1,1.21,59.3,82.0,197
2018,Lufthansa Group,LHA,DEU,Europe,legacy,43.63,7.6,3.31,65.5,81.6,218
2019,Lufthansa Group,LHA,DEU,Europe,legacy,38.9,6.1,2.37,58.3,80.6,194
2020,Lufthansa Group,LHA,DEU,Europe,legacy,14.7,-34.2,-5.03,22.1,57.3,73
2021,Lufthansa Group,LHA,DEU,Europe,legacy,19.66,-23.7,-4.66,29.5,70.6,98
2022,Lufthansa Group,LHA,DEU,Europe,legacy,35.08,3.0,1.06,52.6,86.2,175
2023,Lufthansa Group,LHA,DEU,Europe,legacy,37.22,6.5,2.43,55.8,84.2,186
2024,Lufthansa Group,LHA,DEU,Europe,legacy,38.62,11.7,4.52,57.9,83.7,193
2025,Lufthansa Group,LHA,DEU,Europe,legacy,43.34,6.6,2.85,65.0,84.6,216
2026,Lufthansa Group,LHA,DEU,Europe,legacy,45.43,6.6,2.99,68.1,83.5,227
2010,IAG (British Airways),IAG,GBR,Europe,legacy,12.5,3.8,0.48,18.8,82.7,62
2011,IAG (British Airways),IAG,GBR,Europe,legacy,15.01,7.0,1.04,22.5,85.0,75
2012,IAG (British Airways),IAG,GBR,Europe,legacy,17.2,5.7,0.98,25.8,86.0,86
2013,IAG (British Airways),IAG,GBR,Europe,legacy,19.99,3.9,0.79,30.0,83.4,99
2014,IAG (British Airways),IAG,GBR,Europe,legacy,23.71,6.0,1.43,35.6,85.7,118
2015,IAG (British Airways),IAG,GBR,Europe,legacy,26.47,8.1,2.15,39.7,84.1,132
2016,IAG (British Airways),IAG,GBR,Europe,legacy,28.6,5.5,1.57,42.9,79.0,142
2017,IAG (British Airways),IAG,GBR,Europe,legacy,28.89,4.9,1.4,43.3,83.2,144
2018,IAG (British Airways),IAG,GBR,Europe,legacy,29.54,2.0,0.59,44.3,80.5,147
2019,IAG (British Airways),IAG,GBR,Europe,legacy,28.02,4.0,1.12,42.0,83.9,140
2020,IAG (British Airways),IAG,GBR,Europe,legacy,9.55,-34.3,-3.28,14.3,52.2,47
2021,IAG (British Airways),IAG,GBR,Europe,legacy,10.64,-17.9,-1.9,16.0,69.1,53
2022,IAG (British Airways),IAG,GBR,Europe,legacy,26.87,3.8,1.01,40.3,83.3,134
2023,IAG (British Airways),IAG,GBR,Europe,legacy,33.25,8.6,2.85,49.9,84.1,166
2024,IAG (British Airways),IAG,GBR,Europe,legacy,33.0,7.6,2.49,49.5,83.4,164
2025,IAG (British Airways),IAG,GBR,Europe,legacy,36.23,7.0,2.54,54.3,84.0,181
2026,IAG (British Airways),IAG,GBR,Europe,legacy,36.71,5.7,2.09,55.1,84.7,183
2010,Air France-KLM,AFR,FRA,Europe,legacy,28.73,2.8,0.79,43.1,80.0,143
2011,Air France-KLM,AFR,FRA,Europe,legacy,27.97,4.3,1.2,42.0,84.5,139
2012,Air France-KLM,AFR,FRA,Europe,legacy,29.25,6.5,1.9,43.9,85.2,146
2013,Air France-KLM,AFR,FRA,Europe,legacy,30.18,5.8,1.76,45.3,85.7,150
2014,Air France-KLM,AFR,FRA,Europe,legacy,28.58,3.9,1.12,42.9,81.8,142
2015,Air France-KLM,AFR,FRA,Europe,legacy,26.78,3.8,1.01,40.2,82.3,133
2016,Air France-KLM,AFR,FRA,Europe,legacy,29.47,10.3,3.04,44.2,80.2,147
2017,Air France-KLM,AFR,FRA,Europe,legacy,29.88,3.4,1.02,44.8,83.9,149
2018,Air France-KLM,AFR,FRA,Europe,legacy,30.18,1.4,0.43,45.3,84.9,150
2019,Air France-KLM,AFR,FRA,Europe,legacy,29.85,4.7,1.39,44.8,80.9,149
2020,Air France-KLM,AFR,FRA,Europe,legacy,11.47,-33.9,-3.89,17.2,54.6,57
2021,Air France-KLM,AFR,FRA,Europe,legacy,16.76,-17.1,-2.87,25.1,72.6,83
2022,Air France-KLM,AFR,FRA,Europe,legacy,28.11,-1.7,-0.48,42.2,85.1,140
2023,Air France-KLM,AFR,FRA,Europe,legacy,32.48,10.8,3.5,48.7,83.8,162
2024,Air France-KLM,AFR,FRA,Europe,legacy,33.77,8.9,3.0,50.7,86.9,168
2025,Air France-KLM,AFR,FRA,Europe,legacy,38.0,8.2,3.11,57.0,83.3,189
2026,Air France-KLM,AFR,FRA,Europe,legacy,38.73,3.9,1.51,58.1,83.7,193
2010,Ryanair,RYA,IRL,Europe,low_cost,3.6,12.8,0.46,14.4,85.3,17
2011,Ryanair,RYA,IRL,Europe,low_cost,3.83,6.8,0.26,15.3,84.8,19
2012,Ryanair,RYA,IRL,Europe,low_cost,4.38,11.3,0.49,17.5,90.9,21
2013,Ryanair,RYA,IRL,Europe,low_cost,5.02,9.6,0.48,20.1,87.7,25
2014,Ryanair,RYA,IRL,Europe,low_cost,5.22,11.3,0.59,20.9,87.4,26
2015,Ryanair,RYA,IRL,Europe,low_cost,5.81,11.2,0.65,23.2,89.1,29
2016,Ryanair,RYA,IRL,Europe,low_cost,6.15,12.0,0.74,24.6,92.2,30
2017,Ryanair,RYA,IRL,Europe,low_cost,7.08,15.6,1.1,28.3,87.2,35
2018,Ryanair,RYA,IRL,Europe,low_cost,7.84,11.9,0.93,31.3,86.7,39
2019,Ryanair,RYA,IRL,Europe,low_cost,8.3,13.1,1.09,33.2,85.3,41
2020,Ryanair,RYA,IRL,Europe,low_cost,1.84,-32.3,-0.59,7.3,55.7,9
2021,Ryanair,RYA,IRL,Europe,low_cost,1.59,-16.9,-0.27,6.3,69.4,7
2022,Ryanair,RYA,IRL,Europe,low_cost,11.11,-2.6,-0.29,44.4,86.3,55
2023,Ryanair,RYA,IRL,Europe,low_cost,12.91,8.3,1.07,51.6,89.7,64
2024,Ryanair,RYA,IRL,Europe,low_cost,14.89,10.2,1.52,59.6,84.0,74
2025,Ryanair,RYA,IRL,Europe,low_cost,13.95,10.6,1.48,55.8,91.8,69
2026,Ryanair,RYA,IRL,Europe,low_cost,16.21,10.6,1.72,64.8,87.9,81
2010,easyJet,EZJ,GBR,Europe,low_cost,4.01,11.3,0.45,16.0,87.2,20
2011,easyJet,EZJ,GBR,Europe,low_cost,4.79,14.0,0.67,19.2,87.7,23
2012,easyJet,EZJ,GBR,Europe,low_cost,5.51,10.3,0.57,22.0,88.8,27
2013,easyJet,EZJ,GBR,Europe,low_cost,6.3,9.6,0.6,25.2,85.2,31
2014,easyJet,EZJ,GBR,Europe,low_cost,6.87,11.5,0.79,27.5,89.8,34
2015,easyJet,EZJ,GBR,Europe,low_cost,7.11,15.6,1.11,28.4,87.3,35
2016,easyJet,EZJ,GBR,Europe,low_cost,7.66,15.9,1.22,30.6,86.3,38
2017,easyJet,EZJ,GBR,Europe,low_cost,7.78,10.9,0.85,31.1,87.9,38
2018,easyJet,EZJ,GBR,Europe,low_cost,8.01,13.6,1.09,32.1,85.9,40
2019,easyJet,EZJ,GBR,Europe,low_cost,9.0,6.0,0.54,36.0,85.4,45
2020,easyJet,EZJ,GBR,Europe,low_cost,4.18,-37.1,-1.55,16.7,55.5,20
2021,easyJet,EZJ,GBR,Europe,low_cost,1.99,-18.6,-0.37,8.0,69.7,9
2022,easyJet,EZJ,GBR,Europe,low_cost,7.65,-0.5,-0.04,30.6,88.4,38
2023,easyJet,EZJ,GBR,Europe,low_cost,11.22,13.0,1.45,44.9,88.1,56
2024,easyJet,EZJ,GBR,Europe,low_cost,11.7,17.1,2.0,46.8,86.8,58
2025,easyJet,EZJ,GBR,Europe,low_cost,11.94,10.1,1.21,47.8,84.9,59
2026,easyJet,EZJ,GBR,Europe,low_cost,12.04,9.8,1.18,48.2,86.9,60
2010,Turkish Airlines,THY,TUR,Europe,legacy,5.56,6.1,0.34,8.3,81.5,27
2011,Turkish Airlines,THY,TUR,Europe,legacy,6.68,7.8,0.52,10.0,82.7,33
2012,Turkish Airlines,THY,TUR,Europe,legacy,7.35,7.4,0.54,11.0,83.4,36
2013,Turkish Airlines,THY,TUR,Europe,legacy,8.14,5.8,0.47,12.2,83.5,40
2014,Turkish Airlines,THY,TUR,Europe,legacy,9.25,6.5,0.6,13.9,80.1,46
2015,Turkish Airlines,THY,TUR,Europe,legacy,10.93,9.1,1.0,16.4,82.5,54
2016,Turkish Airlines,THY,TUR,Europe,legacy,11.42,-0.0,-0.0,17.1,80.7,57
2017,Turkish Airlines,THY,TUR,Europe,legacy,11.99,3.3,0.4,18.0,84.4,59
2018,Turkish Airlines,THY,TUR,Europe,legacy,13.7,3.1,0.42,20.5,81.3,68
2019,Turkish Airlines,THY,TUR,Europe,legacy,13.29,10.0,1.33,19.9,80.6,66
2020,Turkish Airlines,THY,TUR,Europe,legacy,6.75,-30.4,-2.06,10.1,51.7,33
2021,Turkish Airlines,THY,TUR,Europe,legacy,10.3,-19.1,-1.96,15.4,69.0,51
2022,Turkish Airlines,THY,TUR,Europe,legacy,18.85,2.6,0.49,28.3,79.5,94
2023,Turkish Airlines,THY,TUR,Europe,legacy,21.23,6.6,1.39,31.8,85.5,106
2024,Turkish Airlines,THY,TUR,Europe,legacy,22.77,6.4,1.46,34.2,84.1,113
2025,Turkish Airlines,THY,TUR,Europe,legacy,25.17,9.1,2.3,37.8,79.6,125
2026,Turkish Airlines,THY,TUR,Europe,legacy,26.42,3.4,0.9,39.6,83.5,132
2010,Aeroflot,AFL,RUS,Europe,legacy,4.6,7.1,0.33,6.9,81.4,22
2011,Aeroflot,AFL,RUS,Europe,legacy,4.87,7.8,0.38,7.3,83.5,24
2012,Aeroflot,AFL,RUS,Europe,legacy,5.22,9.6,0.5,7.8,82.1,26
2013,Aeroflot,AFL,RUS,Europe,legacy,5.59,6.7,0.37,8.4,81.8,27
2014,Aeroflot,AFL,RUS,Europe,legacy,5.92,4.7,0.28,8.9,82.2,29
2015,Aeroflot,AFL,RUS,Europe,legacy,6.35,3.4,0.22,9.5,78.2,31
2016,Aeroflot,AFL,RUS,Europe,legacy,7.73,12.4,0.96,11.6,82.2,38
2017,Aeroflot,AFL,RUS,Europe,legacy,8.15,5.2,0.43,12.2,82.4,40
2018,Aeroflot,AFL,RUS,Europe,legacy,9.84,3.2,0.32,14.8,84.2,49
2019,Aeroflot,AFL,RUS,Europe,legacy,10.26,2.3,0.23,15.4,84.4,51
2020,Aeroflot,AFL,RUS,Europe,legacy,4.36,-34.6,-1.51,6.5,54.3,21
2021,Aeroflot,AFL,RUS,Europe,legacy,7.67,-16.5,-1.26,11.5,66.5,38
2022,Aeroflot,AFL,RUS,Europe,legacy,4.22,-6.0,-0.25,6.3,86.7,21
2023,Aeroflot,AFL,RUS,Europe,legacy,4.94,12.2,0.6,7.4,80.8,24
2024,Aeroflot,AFL,RUS,Europe,legacy,5.56,8.8,0.49,8.3,81.3,27
2025,Aeroflot,AFL,RUS,Europe,legacy,5.74,11.0,0.63,8.6,82.4,28
2026,Aeroflot,AFL,RUS,Europe,legacy,5.66,-5.0,-0.29,8.5,81.2,28
2010,China Southern,CZ,CHN,Asia,legacy,10.89,5.8,0.63,16.3,79.6,54
2011,China Southern,CZ,CHN,Asia,legacy,11.64,7.2,0.84,17.5,82.0,58
2012,China Southern,CZ,CHN,Asia,legacy,12.44,8.0,0.99,18.7,83.5,62
2013,China Southern,CZ,CHN,Asia,legacy,14.35,2.7,0.39,21.5,84.7,71
2014,China Southern,CZ,CHN,Asia,legacy,16.05,12.0,1.92,24.1,83.8,80
2015,China Southern,CZ,CHN,Asia,legacy,17.3,5.6,0.97,26.0,84.6,86
2016,China Southern,CZ,CHN,Asia,legacy,18.88,9.1,1.72,28.3,82.0,94
2017,China Southern,CZ,CHN,Asia,legacy,19.71,4.8,0.95,29.6,84.6,98
2018,China Southern,CZ,CHN,Asia,legacy,22.38,4.9,1.09,33.6,82.2,111
2019,China Southern,CZ,CHN,Asia,legacy,22.21,5.4,1.2,33.3,84.9,111
2020,China Southern,CZ,CHN,Asia,legacy,12.15,-37.1,-4.5,18.2,53.4,60
2021,China Southern,CZ,CHN,Asia,legacy,13.06,-20.4,-2.67,19.6,68.2,65
2022,China Southern,CZ,CHN,Asia,legacy,11.93,4.8,0.57,17.9,82.5,59
2023,China Southern,CZ,CHN,Asia,legacy,20.85,7.9,1.64,31.3,85.1,104
2024,China Southern,CZ,CHN,Asia,legacy,23.79,5.7,1.36,35.7,84.1,118
2025,China Southern,CZ,CHN,Asia,legacy,26.32,9.6,2.53,39.5,83.0,131
2026,China Southern,CZ,CHN,Asia,legacy,29.11,3.4,0.99,43.7,83.0,145
2010,Air China,CA,CHN,Asia,legacy,12.52,3.0,0.37,18.8,79.9,62
2011,Air China,CA,CHN,Asia,legacy,13.78,5.1,0.71,20.7,81.0,68
2012,Air China,CA,CHN,Asia,legacy,14.36,8.8,1.27,21.5,78.4,71
2013,Air China,CA,CHN,Asia,legacy,14.63,3.7,0.54,21.9,85.9,73
2014,Air China,CA,CHN,Asia,legacy,16.34,7.9,1.29,24.5,80.7,81
2015,Air China,CA,CHN,Asia,legacy,16.54,7.1,1.18,24.8,83.1,82
2016,Air China,CA,CHN,Asia,legacy,18.54,5.5,1.03,27.8,83.6,92
2017,Air China,CA,CHN,Asia,legacy,19.46,7.9,1.55,29.2,84.6,97
2018,Air China,CA,CHN,Asia,legacy,19.53,0.4,0.07,29.3,85.0,97
2019,Air China,CA,CHN,Asia,legacy,20.83,3.4,0.72,31.2,79.3,104
2020,Air China,CA,CHN,Asia,legacy,9.03,-32.7,-2.95,13.5,58.6,45
2021,Air China,CA,CHN,Asia,legacy,10.77,-18.9,-2.04,16.1,68.2,53
2022,Air China,CA,CHN,Asia,legacy,8.7,1.3,0.11,13.1,81.0,43
2023,Air China,CA,CHN,Asia,legacy,20.2,12.5,2.52,30.3,85.3,101
2024,Air China,CA,CHN,Asia,legacy,22.37,10.1,2.27,33.6,84.3,111
2025,Air China,CA,CHN,Asia,legacy,25.33,11.1,2.82,38.0,84.3,126
2026,Air China,CA,CHN,Asia,legacy,27.61,7.6,2.1,41.4,83.7,138
2010,China Eastern,MU,CHN,Asia,legacy,10.43,6.2,0.65,15.6,81.9,52
2011,China Eastern,MU,CHN,Asia,legacy,11.3,10.2,1.15,16.9,86.5,56
2012,China Eastern,MU,CHN,Asia,legacy,13.0,6.6,0.86,19.5,85.7,64
2013,China Eastern,MU,CHN,Asia,legacy,13.22,6.5,0.86,19.8,80.8,66
2014,China Eastern,MU,CHN,Asia,legacy,14.13,6.2,0.87,21.2,80.4,70
2015,China Eastern,MU,CHN,Asia,legacy,14.68,5.8,0.85,22.0,86.6,73
2016,China Eastern,MU,CHN,Asia,legacy,15.96,6.0,0.96,23.9,83.5,79
2017,China Eastern,MU,CHN,Asia,legacy,16.39,5.5,0.9,24.6,80.8,81
2018,China Eastern,MU,CHN,Asia,legacy,17.12,4.1,0.71,25.7,80.5,85
2019,China Eastern,MU,CHN,Asia,legacy,17.77,7.0,1.24,26.7,79.4,88
2020,China Eastern,MU,CHN,Asia,legacy,8.57,-32.5,-2.79,12.9,57.1,42
2021,China Eastern,MU,CHN,Asia,legacy,10.31,-17.9,-1.85,15.5,68.3,51
2022,China Eastern,MU,CHN,Asia,legacy,7.16,2.9,0.2,10.7,83.8,35
2023,China Eastern,MU,CHN,Asia,legacy,17.77,10.7,1.91,26.7,82.7,88
2024,China Eastern,MU,CHN,Asia,legacy,18.88,7.2,1.36,28.3,83.4,94
2025,China Eastern,MU,CHN,Asia,legacy,21.17,6.6,1.39,31.8,83.5,105
2026,China Eastern,MU,CHN,Asia,legacy,22.65,4.4,1.0,34.0,83.6,113
2010,Japan Airlines,JAL,JPN,Asia,legacy,11.86,6.6,0.78,17.8,83.5,59
2011,Japan Airlines,JAL,JPN,Asia,legacy,11.52,4.8,0.55,17.3,85.9,57
2012,Japan Airlines,JAL,JPN,Asia,legacy,11.43,0.7,0.08,17.2,79.3,57
2013,Japan Airlines,JAL,JPN,Asia,legacy,11.77,6.1,0.72,17.7,82.8,58
2014,Japan Airlines,JAL,JPN,Asia,legacy,12.11,-0.7,-0.08,18.2,83.8,60
2015,Japan Airlines,JAL,JPN,Asia,legacy,12.16,3.2,0.39,18.2,82.2,60
2016,Japan Airlines,JAL,JPN,Asia,legacy,11.8,3.8,0.44,17.7,82.3,58
2017,Japan Airlines,JAL,JPN,Asia,legacy,13.08,10.6,1.39,19.6,82.3,65
2018,Japan Airlines,JAL,JPN,Asia,legacy,13.76,6.1,0.84,20.6,86.5,68
2019,Japan Airlines,JAL,JPN,Asia,legacy,13.66,6.3,0.86,20.5,83.7,68
2020,Japan Airlines,JAL,JPN,Asia,legacy,4.84,-32.9,-1.59,7.3,53.6,24
2021,Japan Airlines,JAL,JPN,Asia,legacy,6.28,-18.9,-1.19,9.4,69.0,31
2022,Japan Airlines,JAL,JPN,Asia,legacy,10.69,2.1,0.22,16.0,83.6,53
2023,Japan Airlines,JAL,JPN,Asia,legacy,12.41,8.8,1.1,18.6,83.8,62
2024,Japan Airlines,JAL,JPN,Asia,legacy,12.27,9.7,1.19,18.4,81.0,61
2025,Japan Airlines,JAL,JPN,Asia,legacy,13.17,7.9,1.03,19.8,83.2,65
2026,Japan Airlines,JAL,JPN,Asia,legacy,14.2,8.1,1.15,21.3,80.3,71
2010,ANA Holdings,ANA,JPN,Asia,legacy,13.83,4.5,0.63,20.7,82.9,69
2011,ANA Holdings,ANA,JPN,Asia,legacy,14.56,3.5,0.51,21.8,84.4,72
2012,ANA Holdings,ANA,JPN,Asia,legacy,14.91,1.3,0.19,22.4,79.1,74
2013,ANA Holdings,ANA,JPN,Asia,legacy,15.31,5.4,0.83,23.0,82.8,76
2014,ANA Holdings,ANA,JPN,Asia,legacy,15.75,6.6,1.03,23.6,84.9,78
2015,ANA Holdings,ANA,JPN,Asia,legacy,15.67,3.1,0.48,23.5,80.8,78
2016,ANA Holdings,ANA,JPN,Asia,legacy,17.01,9.1,1.55,25.5,82.1,85
2017,ANA Holdings,ANA,JPN,Asia,legacy,16.27,1.7,0.28,24.4,81.3,81
2018,ANA Holdings,ANA,JPN,Asia,legacy,17.9,5.0,0.89,26.8,83.1,89
2019,ANA Holdings,ANA,JPN,Asia,legacy,18.72,8.6,1.61,28.1,81.6,93
2020,ANA Holdings,ANA,JPN,Asia,legacy,6.53,-33.8,-2.21,9.8,51.9,32
2021,ANA Holdings,ANA,JPN,Asia,legacy,9.41,-17.7,-1.67,14.1,69.7,47
2022,ANA Holdings,ANA,JPN,Asia,legacy,15.73,0.4,0.07,23.6,87.1,78
2023,ANA Holdings,ANA,JPN,Asia,legacy,16.59,4.8,0.8,24.9,83.1,82
2024,ANA Holdings,ANA,JPN,Asia,legacy,16.94,6.1,1.04,25.4,83.8,84
2025,ANA Holdings,ANA,JPN,Asia,legacy,18.81,6.4,1.21,28.2,85.0,94
2026,ANA Holdings,ANA,JPN,Asia,legacy,20.19,9.6,1.94,30.3,84.1,100
2010,Singapore Airlines,SIA,SGP,Asia,legacy,11.46,1.3,0.15,17.2,82.4,57
2011,Singapore Airlines,SIA,SGP,Asia,legacy,10.72,6.3,0.67,16.1,81.9,53
2012,Singapore Airlines,SIA,SGP,Asia,legacy,10.95,10.7,1.17,16.4,82.7,54
2013,Singapore Airlines,SIA,SGP,Asia,legacy,11.14,5.4,0.6,16.7,83.2,55
2014,Singapore Airlines,SIA,SGP,Asia,legacy,11.0,7.1,0.78,16.5,85.3,55
2015,Singapore Airlines,SIA,SGP,Asia,legacy,11.56,6.8,0.78,17.3,84.2,57
2016,Singapore Airlines,SIA,SGP,Asia,legacy,10.92,5.8,0.63,16.4,84.9,54
2017,Singapore Airlines,SIA,SGP,Asia,legacy,11.91,6.5,0.78,17.9,84.8,59
2018,Singapore Airlines,SIA,SGP,Asia,legacy,12.08,9.0,1.09,18.1,83.6,60
2019,Singapore Airlines,SIA,SGP,Asia,legacy,11.87,6.8,0.81,17.8,77.1,59
2020,Singapore Airlines,SIA,SGP,Asia,legacy,2.93,-44.1,-1.29,4.4,51.6,14
2021,Singapore Airlines,SIA,SGP,Asia,legacy,3.04,-16.8,-0.51,4.6,67.7,15
2022,Singapore Airlines,SIA,SGP,Asia,legacy,10.38,5.4,0.56,15.6,82.0,51
2023,Singapore Airlines,SIA,SGP,Asia,legacy,15.19,8.0,1.21,22.8,83.8,75
2024,Singapore Airlines,SIA,SGP,Asia,legacy,15.75,8.3,1.31,23.6,81.0,78
2025,Singapore Airlines,SIA,SGP,Asia,legacy,16.2,7.9,1.28,24.3,80.3,80
2026,Singapore Airlines,SIA,SGP,Asia,legacy,17.37,4.1,0.72,26.0,84.8,86
2010,Cathay Pacific,CPA,HKG,Asia,legacy,11.01,5.3,0.58,16.5,82.8,55
2011,Cathay Pacific,CPA,HKG,Asia,legacy,11.44,7.5,0.86,17.2,81.0,57
2012,Cathay Pacific,CPA,HKG,Asia,legacy,11.36,8.8,1.0,17.0,82.2,56
2013,Cathay Pacific,CPA,HKG,Asia,legacy,11.58,7.1,0.82,17.4,83.9,57
2014,Cathay Pacific,CPA,HKG,Asia,legacy,11.88,6.6,0.78,17.8,84.5,59
2015,Cathay Pacific,CPA,HKG,Asia,legacy,12.94,7.6,0.98,19.4,80.2,64
2016,Cathay Pacific,CPA,HKG,Asia,legacy,13.33,5.2,0.7,20.0,82.0,66
2017,Cathay Pacific,CPA,HKG,Asia,legacy,13.96,9.7,1.35,20.9,86.6,69
2018,Cathay Pacific,CPA,HKG,Asia,legacy,14.56,5.7,0.83,21.8,83.7,72
2019,Cathay Pacific,CPA,HKG,Asia,legacy,14.02,6.3,0.88,21.0,83.3,70
2020,Cathay Pacific,CPA,HKG,Asia,legacy,5.84,-35.1,-2.05,8.8,53.5,29
2021,Cathay Pacific,CPA,HKG,Asia,legacy,5.63,-16.4,-0.92,8.4,70.0,28
2022,Cathay Pacific,CPA,HKG,Asia,legacy,6.16,3.7,0.23,9.2,82.3,30
2023,Cathay Pacific,CPA,HKG,Asia,legacy,12.99,8.9,1.16,19.5,80.5,64
2024,Cathay Pacific,CPA,HKG,Asia,legacy,14.1,6.7,0.95,21.1,79.7,70
2025,Cathay Pacific,CPA,HKG,Asia,legacy,14.05,5.4,0.77,21.1,83.1,70
2026,Cathay Pacific,CPA,HKG,Asia,legacy,15.37,5.2,0.79,23.1,84.2,76
2010,Korean Air,KAL,KOR,Asia,legacy,10.41,6.8,0.71,15.6,83.8,52
2011,Korean Air,KAL,KOR,Asia,legacy,10.53,0.7,0.08,15.8,82.3,52
2012,Korean Air,KAL,KOR,Asia,legacy,9.72,6.1,0.59,14.6,83.0,48
2013,Korean Air,KAL,KOR,Asia,legacy,10.75,9.0,0.96,16.1,83.4,53
2014,Korean Air,KAL,KOR,Asia,legacy,10.3,7.2,0.74,15.5,81.9,51
2015,Korean Air,KAL,KOR,Asia,legacy,10.5,8.5,0.89,15.7,81.9,52
2016,Korean Air,KAL,KOR,Asia,legacy,10.93,7.7,0.84,16.4,81.1,54
2017,Korean Air,KAL,KOR,Asia,legacy,11.15,7.7,0.86,16.7,83.2,55
2018,Korean Air,KAL,KOR,Asia,legacy,10.75,3.9,0.41,16.1,81.9,53
2019,Korean Air,KAL,KOR,Asia,legacy,10.77,3.6,0.39,16.2,83.9,53
2020,Korean Air,KAL,KOR,Asia,legacy,5.97,-35.5,-2.12,9.0,55.2,29
2021,Korean Air,KAL,KOR,Asia,legacy,7.96,-21.4,-1.71,11.9,72.9,39
2022,Korean Air,KAL,KOR,Asia,legacy,10.75,3.0,0.33,16.1,83.2,53
2023,Korean Air,KAL,KOR,Asia,legacy,11.76,7.6,0.9,17.6,85.9,58
2024,Korean Air,KAL,KOR,Asia,legacy,12.33,10.8,1.34,18.5,81.7,61
2025,Korean Air,KAL,KOR,Asia,legacy,13.23,5.3,0.7,19.8,83.9,66
2026,Korean Air,KAL,KOR,Asia,legacy,14.62,5.8,0.85,21.9,82.6,73
2010,IndiGo,IGO,IND,Asia,low_cost,0.87,11.4,0.1,3.5,83.8,4
2011,IndiGo,IGO,IND,Asia,low_cost,1.15,12.6,0.14,4.6,89.6,5
2012,IndiGo,IGO,IND,Asia,low_cost,1.59,10.5,0.17,6.4,89.9,7
2013,IndiGo,IGO,IND,Asia,low_cost,1.75,11.6,0.2,7.0,87.9,8
2014,IndiGo,IGO,IND,Asia,low_cost,2.02,12.3,0.25,8.1,86.2,10
2015,IndiGo,IGO,IND,Asia,low_cost,2.21,8.1,0.18,8.8,88.3,11
2016,IndiGo,IGO,IND,Asia,low_cost,2.71,10.5,0.28,10.8,87.0,13
2017,IndiGo,IGO,IND,Asia,low_cost,3.24,12.5,0.4,13.0,85.7,16
2018,IndiGo,IGO,IND,Asia,low_cost,3.73,15.9,0.6,14.9,88.0,18
2019,IndiGo,IGO,IND,Asia,low_cost,5.05,15.1,0.76,20.2,89.3,25
2020,IndiGo,IGO,IND,Asia,low_cost,2.04,-33.5,-0.68,8.1,56.0,10
2021,IndiGo,IGO,IND,Asia,low_cost,1.84,-16.2,-0.3,7.4,67.3,9
2022,IndiGo,IGO,IND,Asia,low_cost,5.18,5.3,0.27,20.7,88.7,25
2023,IndiGo,IGO,IND,Asia,low_cost,7.53,11.3,0.85,30.1,84.7,37
2024,IndiGo,IGO,IND,Asia,low_cost,8.34,12.3,1.02,33.4,87.2,41
2025,IndiGo,IGO,IND,Asia,low_cost,9.52,11.1,1.06,38.1,87.7,47
2026,IndiGo,IGO,IND,Asia,low_cost,9.71,13.1,1.27,38.8,87.0,48
2010,AirAsia,AIA,MYS,Asia,low_cost,1.17,11.4,0.13,4.7,86.6,5
2011,AirAsia,AIA,MYS,Asia,low_cost,1.29,16.4,0.21,5.2,86.8,6
2012,AirAsia,AIA,MYS,Asia,low_cost,1.39,6.8,0.09,5.6,85.2,6
2013,AirAsia,AIA,MYS,Asia,low_cost,1.49,10.3,0.15,6.0,89.8,7
2014,AirAsia,AIA,MYS,Asia,low_cost,1.59,15.2,0.24,6.4,87.1,7
2015,AirAsia,AIA,MYS,Asia,low_cost,1.7,11.8,0.2,6.8,87.0,8
2016,AirAsia,AIA,MYS,Asia,low_cost,2.25,6.2,0.14,9.0,83.0,11
2017,AirAsia,AIA,MYS,Asia,low_cost,2.53,12.0,0.3,10.1,88.4,12
2018,AirAsia,AIA,MYS,Asia,low_cost,3.04,11.0,0.34,12.2,89.0,15
2019,AirAsia,AIA,MYS,Asia,low_cost,3.2,12.5,0.4,12.8,88.9,15
2020,AirAsia,AIA,MYS,Asia,low_cost,0.71,-36.4,-0.26,2.8,56.4,3
2021,AirAsia,AIA,MYS,Asia,low_cost,0.5,-18.0,-0.09,2.0,72.9,2
2022,AirAsia,AIA,MYS,Asia,low_cost,1.58,-1.5,-0.02,6.3,84.6,7
2023,AirAsia,AIA,MYS,Asia,low_cost,3.96,11.4,0.45,15.8,84.0,19
2024,AirAsia,AIA,MYS,Asia,low_cost,4.37,9.8,0.43,17.5,91.9,21
2025,AirAsia,AIA,MYS,Asia,low_cost,5.12,11.0,0.56,20.5,86.3,25
2026,AirAsia,AIA,MYS,Asia,low_cost,5.02,7.2,0.36,20.1,86.8,25
2010,Emirates,EK,ARE,Middle East,legacy,13.59,5.8,0.79,20.4,79.8,67
2011,Emirates,EK,ARE,Middle East,legacy,15.64,6.4,1.0,23.5,83.7,78
2012,Emirates,EK,ARE,Middle East,legacy,18.23,2.7,0.49,27.3,84.7,91
2013,Emirates,EK,ARE,Middle East,legacy,19.53,7.6,1.48,29.3,83.0,97
2014,Emirates,EK,ARE,Middle East,legacy,21.11,5.2,1.1,31.7,83.7,105
2015,Emirates,EK,ARE,Middle East,legacy,24.45,5.6,1.38,36.7,86.1,122
2016,Emirates,EK,ARE,Middle East,legacy,25.15,5.4,1.35,37.7,84.5,125
2017,Emirates,EK,ARE,Middle East,legacy,26.28,10.9,2.86,39.4,80.5,131
2018,Emirates,EK,ARE,Middle East,legacy,24.51,9.7,2.38,36.8,80.9,122
2019,Emirates,EK,ARE,Middle East,legacy,25.85,4.8,1.24,38.8,83.8,129
2020,Emirates,EK,ARE,Middle East,legacy,8.37,-36.6,-3.07,12.6,53.7,41
2021,Emirates,EK,ARE,Middle East,legacy,13.41,-20.2,-2.71,20.1,74.6,67
2022,Emirates,EK,ARE,Middle East,legacy,23.21,4.2,0.98,34.8,82.0,116
2023,Emirates,EK,ARE,Middle East,legacy,32.62,6.2,2.03,48.9,77.7,163
2024,Emirates,EK,ARE,Middle East,legacy,31.66,3.5,1.1,47.5,78.5,158
2025,Emirates,EK,ARE,Middle East,legacy,33.53,11.3,3.79,50.3,82.9,167
2026,Emirates,EK,ARE,Middle East,legacy,37.94,7.0,2.67,56.9,84.6,189
2010,Qatar Airways,QR,QAT,Middle East,legacy,7.2,7.3,0.53,10.8,84.5,36
2011,Qatar Airways,QR,QAT,Middle East,legacy,7.69,7.4,0.57,11.5,84.1,38
2012,Qatar Airways,QR,QAT,Middle East,legacy,8.11,3.2,0.26,12.2,80.6,40
2013,Qatar Airways,QR,QAT,Middle East,legacy,8.68,6.8,0.59,13.0,81.4,43
2014,Qatar Airways,QR,QAT,Middle East,legacy,9.09,7.4,0.67,13.6,84.2,45
2015,Qatar Airways,QR,QAT,Middle East,legacy,9.95,9.2,0.91,14.9,81.0,49
2016,Qatar Airways,QR,QAT,Middle East,legacy,10.97,4.7,0.51,16.5,85.1,54
2017,Qatar Airways,QR,QAT,Middle East,legacy,11.39,5.0,0.57,17.1,79.4,56
2018,Qatar Airways,QR,QAT,Middle East,legacy,12.24,2.1,0.26,18.4,84.9,61
2019,Qatar Airways,QR,QAT,Middle East,legacy,14.86,4.0,0.6,22.3,83.6,74
2020,Qatar Airways,QR,QAT,Middle East,legacy,7.53,-36.6,-2.76,11.3,56.5,37
2021,Qatar Airways,QR,QAT,Middle East,legacy,14.38,-13.7,-1.96,21.6,69.0,71
2022,Qatar Airways,QR,QAT,Middle East,legacy,18.55,2.2,0.42,27.8,84.6,92
2023,Qatar Airways,QR,QAT,Middle East,legacy,20.23,7.9,1.59,30.3,82.8,101
2024,Qatar Airways,QR,QAT,Middle East,legacy,21.46,9.7,2.07,32.2,84.3,107
2025,Qatar Airways,QR,QAT,Middle East,legacy,23.92,11.8,2.83,35.9,85.9,119
2026,Qatar Airways,QR,QAT,Middle East,legacy,24.72,6.9,1.71,37.1,81.8,123
2010,Etihad,EY,ARE,Middle East,legacy,2.9,4.5,0.13,4.4,86.2,14
2011,Etihad,EY,ARE,Middle East,legacy,4.17,5.5,0.23,6.2,85.4,20
2012,Etihad,EY,ARE,Middle East,legacy,5.0,1.0,0.05,7.5,84.6,25
2013,Etihad,EY,ARE,Middle East,legacy,6.57,6.6,0.44,9.9,80.3,32
2014,Etihad,EY,ARE,Middle East,legacy,7.77,11.0,0.86,11.7,84.6,38
2015,Etihad,EY,ARE,Middle East,legacy,9.05,4.9,0.44,13.6,82.2,45
2016,Etihad,EY,ARE,Middle East,legacy,7.47,6.6,0.5,11.2,84.7,37
2017,Etihad,EY,ARE,Middle East,legacy,6.61,4.3,0.29,9.9,80.7,33
2018,Etihad,EY,ARE,Middle East,legacy,5.73,6.1,0.35,8.6,78.8,28
2019,Etihad,EY,ARE,Middle East,legacy,5.7,7.9,0.45,8.6,82.5,28
2020,Etihad,EY,ARE,Middle East,legacy,2.51,-37.5,-0.94,3.8,57.5,12
2021,Etihad,EY,ARE,Middle East,legacy,3.5,-18.9,-0.66,5.2,67.6,17
2022,Etihad,EY,ARE,Middle East,legacy,5.63,0.3,0.02,8.5,83.8,28
2023,Etihad,EY,ARE,Middle East,legacy,6.61,12.6,0.83,9.9,82.6,33
2024,Etihad,EY,ARE,Middle East,legacy,7.48,4.3,0.32,11.2,85.4,37
2025,Etihad,EY,ARE,Middle East,legacy,8.02,6.6,0.53,12.0,83.0,40
2026,Etihad,EY,ARE,Middle East,legacy,8.59,6.6,0.56,12.9,84.9,42
2010,Saudia,SVA,SAU,Middle East,legacy,4.04,2.0,0.08,6.1,82.8,20
2011,Saudia,SVA,SAU,Middle East,legacy,4.48,1.3,0.06,6.7,80.9,22
2012,Saudia,SVA,SAU,Middle East,legacy,4.89,6.7,0.33,7.3,83.8,24
2013,Saudia,SVA,SAU,Middle East,legacy,5.43,7.2,0.39,8.2,84.3,27
2014,Saudia,SVA,SAU,Middle East,legacy,5.99,5.5,0.33,9.0,81.4,29
2015,Saudia,SVA,SAU,Middle East,legacy,5.98,7.1,0.42,9.0,81.9,29
2016,Saudia,SVA,SAU,Middle East,legacy,5.91,11.8,0.7,8.9,83.7,29
2017,Saudia,SVA,SAU,Middle East,legacy,6.16,8.3,0.51,9.2,82.8,30
2018,Saudia,SVA,SAU,Middle East,legacy,6.45,7.4,0.48,9.7,80.4,32
2019,Saudia,SVA,SAU,Middle East,legacy,6.77,10.8,0.73,10.2,83.9,33
2020,Saudia,SVA,SAU,Middle East,legacy,2.57,-36.3,-0.93,3.9,54.2,12
2021,Saudia,SVA,SAU,Middle East,legacy,3.37,-18.9,-0.64,5.1,71.8,16
2022,Saudia,SVA,SAU,Middle East,legacy,5.22,4.2,0.22,7.8,82.2,26
2023,Saudia,SVA,SAU,Middle East,legacy,6.88,5.2,0.36,10.3,85.7,34
2024,Saudia,SVA,SAU,Middle East,legacy,7.79,10.4,0.81,11.7,80.0,38
2025,Saudia,SVA,SAU,Middle East,legacy,8.71,9.0,0.79,13.1,79.8,43
2026,Saudia,SVA,SAU,Middle East,legacy,9.49,-19.1,-1.81,14.2,84.1,47
2023,Riyadh Air,RXI,SAU,Middle East,legacy,0.01,8.7,0.0,0.0,85.9,0
2024,Riyadh Air,RXI,SAU,Middle East,legacy,0.52,0.8,0.0,0.8,82.4,2
2025,Riyadh Air,RXI,SAU,Middle East,legacy,1.49,3.6,0.05,2.2,83.2,7
2026,Riyadh Air,RXI,SAU,Middle East,legacy,3.11,-22.7,-0.71,4.7,83.7,15
2010,LATAM Airlines,LAN,CHL,Latin America,legacy,4.38,4.3,0.19,6.6,86.0,21
2011,LATAM Airlines,LAN,CHL,Latin America,legacy,5.53,7.2,0.4,8.3,79.3,27
2012,LATAM Airlines,LAN,CHL,Latin America,legacy,7.13,7.5,0.54,10.7,82.6,35
2013,LATAM Airlines,LAN,CHL,Latin America,legacy,8.0,2.5,0.2,12.0,85.4,39
2014,LATAM Airlines,LAN,CHL,Latin America,legacy,8.89,5.5,0.49,13.3,82.0,44
2015,LATAM Airlines,LAN,CHL,Latin America,legacy,9.93,7.7,0.77,14.9,83.5,49
2016,LATAM Airlines,LAN,CHL,Latin America,legacy,10.4,6.0,0.62,15.6,84.0,52
2017,LATAM Airlines,LAN,CHL,Latin America,legacy,10.17,11.6,1.18,15.3,79.9,50
2018,LATAM Airlines,LAN,CHL,Latin America,legacy,10.8,9.4,1.02,16.2,81.3,54
2019,LATAM Airlines,LAN,CHL,Latin America,legacy,11.12,8.5,0.94,16.7,84.9,55
2020,LATAM Airlines,LAN,CHL,Latin America,legacy,4.3,-35.5,-1.53,6.5,54.6,21
2021,LATAM Airlines,LAN,CHL,Latin America,legacy,5.06,-14.5,-0.73,7.6,70.4,25
2022,LATAM Airlines,LAN,CHL,Latin America,legacy,9.15,4.1,0.37,13.7,84.8,45
2023,LATAM Airlines,LAN,CHL,Latin America,legacy,11.93,9.9,1.18,17.9,82.5,59
2024,LATAM Airlines,LAN,CHL,Latin America,legacy,12.35,5.8,0.72,18.5,79.7,61
2025,LATAM Airlines,LAN,CHL,Latin America,legacy,13.7,7.8,1.07,20.5,82.1,68
2026,LATAM Airlines,LAN,CHL,Latin America,legacy,13.27,2.9,0.38,19.9,85.2,66
2010,Azul,AZUL,BRA,Latin America,low_cost,0.39,12.9,0.05,1.6,84.2,1
2011,Azul,AZUL,BRA,Latin America,low_cost,0.69,11.6,0.08,2.8,87.6,3
2012,Azul,AZUL,BRA,Latin America,low_cost,0.99,15.8,0.16,3.9,86.4,4
2013,Azul,AZUL,BRA,Latin America,low_cost,1.16,11.2,0.13,4.6,88.0,5
2014,Azul,AZUL,BRA,Latin America,low_cost,1.44,11.0,0.16,5.7,89.9,7
2015,Azul,AZUL,BRA,Latin America,low_cost,1.69,17.7,0.3,6.8,87.2,8
2016,Azul,AZUL,BRA,Latin America,low_cost,2.11,12.9,0.27,8.4,88.9,10
2017,Azul,AZUL,BRA,Latin America,low_cost,2.25,9.9,0.22,9.0,87.9,11
2018,Azul,AZUL,BRA,Latin America,low_cost,2.68,12.1,0.32,10.7,84.4,13
2019,Azul,AZUL,BRA,Latin America,low_cost,2.69,8.4,0.23,10.8,83.5,13
2020,Azul,AZUL,BRA,Latin America,low_cost,1.1,-32.2,-0.36,4.4,55.0,5
2021,Azul,AZUL,BRA,Latin America,low_cost,1.5,-18.5,-0.28,6.0,69.7,7
2022,Azul,AZUL,BRA,Latin America,low_cost,3.19,-1.6,-0.05,12.8,86.2,15
2023,Azul,AZUL,BRA,Latin America,low_cost,3.89,13.1,0.51,15.6,88.1,19
2024,Azul,AZUL,BRA,Latin America,low_cost,4.21,12.8,0.54,16.9,88.6,21
2025,Azul,AZUL,BRA,Latin America,low_cost,4.39,14.2,0.62,17.6,84.3,21
2026,Azul,AZUL,BRA,Latin America,low_cost,4.85,12.4,0.6,19.4,85.8,24
